antecedents,consequents,support,confidence,lift
23171 - regency tea plate green,23172 - regency tea plate pink,0.010916558581928231,0.7481481481481481,61.80238095238095
23172 - regency tea plate pink,23171 - regency tea plate green,0.010916558581928231,0.9017857142857142,61.80238095238094
22746 - poppy's playhouse livingroom,"22745 - poppy's playhouse bedroom, 22748 - poppy's playhouse kitchen",0.010051880674448769,0.7380952380952381,53.77052868391451
"22745 - poppy's playhouse bedroom, 22748 - poppy's playhouse kitchen",22746 - poppy's playhouse livingroom,0.010051880674448769,0.7322834645669292,53.77052868391451
23175 - regency milk jug pink,23174 - regency sugar bowl green,0.011132728058798098,0.7573529411764707,52.2912642669008
23174 - regency sugar bowl green,23175 - regency milk jug pink,0.011132728058798098,0.7686567164179104,52.29126426690079
"22746 - poppy's playhouse livingroom, 22748 - poppy's playhouse kitchen",22745 - poppy's playhouse bedroom,0.010051880674448769,0.8651162790697675,50.65858110097145
22745 - poppy's playhouse bedroom,"22746 - poppy's playhouse livingroom, 22748 - poppy's playhouse kitchen",0.010051880674448769,0.588607594936709,50.65858110097145
23170 - regency tea plate roses,23172 - regency tea plate pink,0.0106463467358409,0.6006097560975611,49.614655923344955
23172 - regency tea plate pink,23170 - regency tea plate roses,0.0106463467358409,0.8794642857142857,49.61465592334495
"22745 - poppy's playhouse bedroom, 22746 - poppy's playhouse livingroom",22748 - poppy's playhouse kitchen,0.010051880674448769,0.9073170731707317,48.52310728887636
22748 - poppy's playhouse kitchen,"22745 - poppy's playhouse bedroom, 22746 - poppy's playhouse livingroom",0.010051880674448769,0.5375722543352601,48.52310728887635
23171 - regency tea plate green,23170 - regency tea plate roses,0.012375702550799826,0.8481481481481481,47.84796747967479
23170 - regency tea plate roses,23171 - regency tea plate green,0.012375702550799826,0.698170731707317,47.84796747967479
22745 - poppy's playhouse bedroom,22746 - poppy's playhouse livingroom,0.011078685689580632,0.64873417721519,47.635623869801094
22746 - poppy's playhouse livingroom,22745 - poppy's playhouse bedroom,0.011078685689580632,0.8134920634920635,47.63562386980109
21094 - set/6 red spotty paper plates,21086 - set/6 red spotty paper cups,0.012753999135322092,0.7261538461538461,47.146493927125505
21086 - set/6 red spotty paper cups,21094 - set/6 red spotty paper plates,0.012753999135322092,0.8280701754385964,47.1464939271255
22746 - poppy's playhouse livingroom,22748 - poppy's playhouse kitchen,0.011619109381755297,0.8531746031746031,45.62758051197358
22748 - poppy's playhouse kitchen,22746 - poppy's playhouse livingroom,0.011619109381755297,0.6213872832369942,45.62758051197358
23254 - childrens cutlery dolly girl,23256 - childrens cutlery spaceboy,0.011186770428015564,0.7723880597014925,45.22869828074816
23256 - childrens cutlery spaceboy,23254 - childrens cutlery dolly girl,0.011186770428015564,0.6550632911392406,45.22869828074816
22745 - poppy's playhouse bedroom,22748 - poppy's playhouse kitchen,0.01372676178123649,0.8037974683544304,42.98690275846931
22748 - poppy's playhouse kitchen,22745 - poppy's playhouse bedroom,0.01372676178123649,0.7341040462427746,42.98690275846931
21933 - pink vintage paisley picnic bag,21932 - scandinavian paisley picnic bag,0.010754431474275832,0.7031802120141343,40.788860950186645
21932 - scandinavian paisley picnic bag,21933 - pink vintage paisley picnic bag,0.010754431474275832,0.6238244514106582,40.788860950186645
84596F - small marshmallows pink bowl,84596B - small dolly mix design orange bowl,0.012159533073929961,0.78125,40.045013850415515
84596B - small dolly mix design orange bowl,84596F - small marshmallows pink bowl,0.012159533073929961,0.6232686980609419,40.045013850415515
22570 - feltcraft cushion rabbit,22569 - feltcraft cushion butterfly,0.010862516212710765,0.6203703703703703,39.045351473922906
22569 - feltcraft cushion butterfly,22570 - feltcraft cushion rabbit,0.010862516212710765,0.6836734693877551,39.0453514739229
23174 - regency sugar bowl green,23173 - regency teapot roses,0.010592304366623433,0.7313432835820896,38.22818112825702
23173 - regency teapot roses,23174 - regency sugar bowl green,0.010592304366623433,0.5536723163841808,38.22818112825702
23175 - regency milk jug pink,23173 - regency teapot roses,0.010376134889753566,0.7058823529411764,36.89730807577268
23173 - regency teapot roses,23175 - regency milk jug pink,0.010376134889753566,0.5423728813559321,36.89730807577268
47590A - blue happy birthday bunting,47590B - pink happy birthday bunting,0.01372676178123649,0.7154929577464788,36.87877908117227
47590B - pink happy birthday bunting,47590A - blue happy birthday bunting,0.01372676178123649,0.7075208913649025,36.87877908117227
82580 - bathroom metal sign,82581 - toilet metal sign,0.012159533073929961,0.587467362924282,35.995020144208326
82581 - toilet metal sign,82580 - bathroom metal sign,0.012159533073929961,0.7450331125827814,35.99502014420832
22579 - wooden tree christmas scandinavian,22578 - wooden star christmas scandinavian,0.012213575443147428,0.8188405797101449,34.9926699467818
22578 - wooden star christmas scandinavian,22579 - wooden tree christmas scandinavian,0.012213575443147428,0.5219399538106235,34.9926699467818
23294 - set of 6 snack loaf baking cases,23295 - set of 12 mini loaf baking cases,0.010430177258971033,0.6632302405498282,34.18499267725354
23295 - set of 12 mini loaf baking cases,23294 - set of 6 snack loaf baking cases,0.010430177258971033,0.5376044568245125,34.18499267725354
21668 - red stripe ceramic drawer knob,21669 - blue stripe ceramic drawer knob,0.01140293990488543,0.6336336336336337,33.40386540386541
21669 - blue stripe ceramic drawer knob,21668 - red stripe ceramic drawer knob,0.01140293990488543,0.6011396011396012,33.40386540386541
23296 - set of 6 tea time baking cases,23295 - set of 12 mini loaf baking cases,0.010268050151318634,0.5956112852664577,30.699696998803713
23295 - set of 12 mini loaf baking cases,23296 - set of 6 tea time baking cases,0.010268050151318634,0.5292479108635098,30.69969699880371
22577 - wooden heart christmas scandinavian,22578 - wooden star christmas scandinavian,0.017239515780371813,0.6889848812095033,29.44336314526709
22578 - wooden star christmas scandinavian,22577 - wooden heart christmas scandinavian,0.017239515780371813,0.7367205542725174,29.443363145267085
22749 - feltcraft princess charlotte doll,22750 - feltcraft princess lola doll,0.012862083873757025,0.5935162094763092,29.054031587697423
22750 - feltcraft princess lola doll,22749 - feltcraft princess charlotte doll,0.012862083873757025,0.6296296296296295,29.05403158769742
22579 - wooden tree christmas scandinavian,22577 - wooden heart christmas scandinavian,0.010808473843493299,0.7246376811594203,28.960465771433935
22577 - wooden heart christmas scandinavian,22579 - wooden tree christmas scandinavian,0.010808473843493299,0.4319654427645788,28.960465771433935
22142 - christmas craft white fairy,22144 - christmas craft little friends,0.010970600951145697,0.632398753894081,27.795502475192578
22144 - christmas craft little friends,22142 - christmas craft white fairy,0.010970600951145697,0.4821852731591449,27.795502475192574
23294 - set of 6 snack loaf baking cases,23293 - set of 12 fairy cake baking cases,0.010916558581928231,0.6941580756013745,27.623012969737278
23293 - set of 12 fairy cake baking cases,23294 - set of 6 snack loaf baking cases,0.010916558581928231,0.4344086021505376,27.623012969737278
22568 - feltcraft cushion owl,22570 - feltcraft cushion rabbit,0.010808473843493299,0.47961630695443647,27.391420197175595
22570 - feltcraft cushion rabbit,22568 - feltcraft cushion owl,0.010808473843493299,0.6172839506172839,27.39142019717559
23293 - set of 12 fairy cake baking cases,23295 - set of 12 mini loaf baking cases,0.013294422827496757,0.5290322580645161,27.268002515949323
23295 - set of 12 mini loaf baking cases,23293 - set of 12 fairy cake baking cases,0.013294422827496757,0.6852367688022284,27.26800251594932
"22699 - roses regency teacup and saucer, 22698 - pink regency teacup and saucer","22423 - regency cakestand 3 tier, 22697 - green regency teacup and saucer",0.012916126242974491,0.5481651376146789,27.120983172251385
"22423 - regency cakestand 3 tier, 22697 - green regency teacup and saucer","22699 - roses regency teacup and saucer, 22698 - pink regency teacup and saucer",0.012916126242974491,0.6390374331550801,27.120983172251382
23296 - set of 6 tea time baking cases,23293 - set of 12 fairy cake baking cases,0.011619109381755297,0.6739811912225705,26.820103144908483
23293 - set of 12 fairy cake baking cases,23296 - set of 6 tea time baking cases,0.011619109381755297,0.46236559139784944,26.82010314490848
"22423 - regency cakestand 3 tier, 22698 - pink regency teacup and saucer","22697 - green regency teacup and saucer, 22699 - roses regency teacup and saucer",0.012916126242974491,0.773462783171521,26.455000628106884
"22697 - green regency teacup and saucer, 22699 - roses regency teacup and saucer","22423 - regency cakestand 3 tier, 22698 - pink regency teacup and saucer",0.012916126242974491,0.4417744916820702,26.455000628106884
"22423 - regency cakestand 3 tier, 22699 - roses regency teacup and saucer, 22697 - green regency teacup and saucer",22698 - pink regency teacup and saucer,0.012916126242974491,0.766025641025641,25.49377421140011
22698 - pink regency teacup and saucer,"22423 - regency cakestand 3 tier, 22699 - roses regency teacup and saucer, 22697 - green regency teacup and saucer",0.012916126242974491,0.4298561151079136,25.49377421140011
22141 - christmas craft tree top angel,22144 - christmas craft little friends,0.010700389105058366,0.5689655172413793,25.007453517896636
22144 - christmas craft little friends,22141 - christmas craft tree top angel,0.010700389105058366,0.47030878859857483,25.007453517896636
22192 - blue diner wall clock,22193 - red diner wall clock,0.010159965412883701,0.5562130177514792,24.740782885753298
22193 - red diner wall clock,22192 - blue diner wall clock,0.010159965412883701,0.4519230769230769,24.740782885753298
"22699 - roses regency teacup and saucer, 22423 - regency cakestand 3 tier, 22698 - pink regency teacup and saucer",22697 - green regency teacup and saucer,0.012916126242974491,0.9018867924528302,24.151249214974197
22697 - green regency teacup and saucer,"22699 - roses regency teacup and saucer, 22423 - regency cakestand 3 tier, 22698 - pink regency teacup and saucer",0.012916126242974491,0.3458755426917511,24.151249214974197
"22423 - regency cakestand 3 tier, 22697 - green regency teacup and saucer",22698 - pink regency teacup and saucer,0.01464548205793342,0.7245989304812834,24.115069441772786
22698 - pink regency teacup and saucer,"22423 - regency cakestand 3 tier, 22697 - green regency teacup and saucer",0.01464548205793342,0.487410071942446,24.115069441772782
"22697 - green regency teacup and saucer, 22699 - roses regency teacup and saucer",22698 - pink regency teacup and saucer,0.021076523994811934,0.7208872458410351,23.991542440723947
22698 - pink regency teacup and saucer,"22697 - green regency teacup and saucer, 22699 - roses regency teacup and saucer",0.021076523994811934,0.7014388489208634,23.991542440723947
22697 - green regency teacup and saucer,"22699 - roses regency teacup and saucer, 22698 - pink regency teacup and saucer",0.021076523994811934,0.5643994211287989,23.953318551759853
"22699 - roses regency teacup and saucer, 22698 - pink regency teacup and saucer",22697 - green regency teacup and saucer,0.021076523994811934,0.8944954128440368,23.95331855175985
22697 - green regency teacup and saucer,"22423 - regency cakestand 3 tier, 22698 - pink regency teacup and saucer",0.01464548205793342,0.3921852387843705,23.485422842932014
"22423 - regency cakestand 3 tier, 22698 - pink regency teacup and saucer",22697 - green regency teacup and saucer,0.01464548205793342,0.8770226537216829,23.48542284293201
"22423 - regency cakestand 3 tier, 22699 - roses regency teacup and saucer","22697 - green regency teacup and saucer, 22698 - pink regency teacup and saucer",0.012916126242974491,0.569047619047619,22.89055900621118
"22697 - green regency teacup and saucer, 22698 - pink regency teacup and saucer","22423 - regency cakestand 3 tier, 22699 - roses regency teacup and saucer",0.012916126242974491,0.5195652173913043,22.89055900621118
22193 - red diner wall clock,22191 - ivory diner wall clock,0.010808473843493299,0.4807692307692308,22.752311626991933
22191 - ivory diner wall clock,22193 - red diner wall clock,0.010808473843493299,0.5115089514066495,22.75231162699193
22698 - pink regency teacup and saucer,22697 - green regency teacup and saucer,0.024859489840034586,0.8273381294964028,22.154941748482546
22697 - green regency teacup and saucer,22698 - pink regency teacup and saucer,0.024859489840034586,0.6657018813314037,22.154941748482543
22698 - pink regency teacup and saucer,"22423 - regency cakestand 3 tier, 22699 - roses regency teacup and saucer",0.01432122784262862,0.4766187050359712,20.99845837615622
"22423 - regency cakestand 3 tier, 22699 - roses regency teacup and saucer",22698 - pink regency teacup and saucer,0.01432122784262862,0.6309523809523809,20.998458376156215
"22423 - regency cakestand 3 tier, 22698 - pink regency teacup and saucer, 22697 - green regency teacup and saucer",22699 - roses regency teacup and saucer,0.012916126242974491,0.8819188191881918,20.841667727022095
22699 - roses regency teacup and saucer,"22423 - regency cakestand 3 tier, 22698 - pink regency teacup and saucer, 22697 - green regency teacup and saucer",0.012916126242974491,0.3052362707535121,20.841667727022095
"22423 - regency cakestand 3 tier, 22698 - pink regency teacup and saucer",22699 - roses regency teacup and saucer,0.01432122784262862,0.8576051779935275,20.267083286835547
22699 - roses regency teacup and saucer,"22423 - regency cakestand 3 tier, 22698 - pink regency teacup and saucer",0.01432122784262862,0.33844189016602805,20.267083286835543
23343 - jumbo bag vintage christmas,23344 - jumbo bag 50's christmas,0.01324038045827929,0.6363636363636364,20.09432206019237
23344 - jumbo bag 50's christmas,23343 - jumbo bag vintage christmas,0.01324038045827929,0.4180887372013652,20.09432206019237
"22697 - green regency teacup and saucer, 22698 - pink regency teacup and saucer",22699 - roses regency teacup and saucer,0.021076523994811934,0.8478260869565218,20.035982008995504
22699 - roses regency teacup and saucer,"22697 - green regency teacup and saucer, 22698 - pink regency teacup and saucer",0.021076523994811934,0.49808429118773945,20.035982008995504
"22423 - regency cakestand 3 tier, 22699 - roses regency teacup and saucer",22697 - green regency teacup and saucer,0.016861219195849545,0.7428571428571429,19.89266074012818
22697 - green regency teacup and saucer,"22423 - regency cakestand 3 tier, 22699 - roses regency teacup and saucer",0.016861219195849545,0.45151953690303903,19.89266074012818
22866 - hand warmer scotty dog design,22867 - hand warmer bird design,0.01297016861219196,0.5095541401273885,19.89196162218818
22867 - hand warmer bird design,22866 - hand warmer scotty dog design,0.01297016861219196,0.5063291139240507,19.89196162218818
21231 - sweetheart ceramic trinket box,21232 - strawberry ceramic trinket box,0.011132728058798098,0.5406824146981628,19.73330848436845
21232 - strawberry ceramic trinket box,21231 - sweetheart ceramic trinket box,0.011132728058798098,0.40631163708086787,19.73330848436845
22699 - roses regency teacup and saucer,"22423 - regency cakestand 3 tier, 22697 - green regency teacup and saucer",0.016861219195849545,0.39846743295019155,19.714549142541028
"22423 - regency cakestand 3 tier, 22697 - green regency teacup and saucer",22699 - roses regency teacup and saucer,0.016861219195849545,0.8342245989304812,19.714549142541024
22865 - hand warmer owl design,22866 - hand warmer scotty dog design,0.015185905750108085,0.49125874125874125,19.299897554674626
22866 - hand warmer scotty dog design,22865 - hand warmer owl design,0.015185905750108085,0.5966029723991507,19.299897554674622
23203 - jumbo bag doiley patterns,23209 - lunch bag doiley pattern,0.011511024643320364,0.4691629955947137,18.709896703630566
23209 - lunch bag doiley pattern,23203 - jumbo bag doiley patterns,0.011511024643320364,0.45905172413793105,18.709896703630566
22698 - pink regency teacup and saucer,22699 - roses regency teacup and saucer,0.02356247297881539,0.7841726618705036,18.531712560985692
22699 - roses regency teacup and saucer,22698 - pink regency teacup and saucer,0.02356247297881539,0.5568326947637292,18.531712560985692
22697 - green regency teacup and saucer,22699 - roses regency teacup and saucer,0.029236921746649373,0.7829232995658466,18.50218740123426
22699 - roses regency teacup and saucer,22697 - green regency teacup and saucer,0.029236921746649373,0.6909323116219668,18.50218740123426
22627 - mint kitchen scales,22624 - ivory kitchen scales,0.010051880674448769,0.611842105263158,18.260526315789477
22624 - ivory kitchen scales,22627 - mint kitchen scales,0.010051880674448769,0.30000000000000004,18.260526315789477
22865 - hand warmer owl design,22867 - hand warmer bird design,0.014429312581063555,0.46678321678321677,18.22227139948659
22867 - hand warmer bird design,22865 - hand warmer owl design,0.014429312581063555,0.5632911392405063,18.222271399486587
22630 - dolly girl lunch box,22629 - spaceboy lunch box,0.02291396454820579,0.6883116883116883,18.091646989374265
22629 - spaceboy lunch box,22630 - dolly girl lunch box,0.02291396454820579,0.6022727272727273,18.09164698937426
23300 - gardeners kneeling pad cup of tea,23301 - gardeners kneeling pad keep calm,0.025021616947686988,0.7291338582677165,17.846419197600298
23301 - gardeners kneeling pad keep calm,23300 - gardeners kneeling pad cup of tea,0.025021616947686988,0.6124338624338624,17.846419197600298
21080 - set/20 red retrospot paper napkins,21094 - set/6 red spotty paper plates,0.012375702550799826,0.3128415300546448,17.81175283732661
21094 - set/6 red spotty paper plates,21080 - set/20 red retrospot paper napkins,0.012375702550799826,0.7046153846153845,17.811752837326605
22328 - round snack boxes set of 4 fruits,22326 - round snack boxes set of4 woodland,0.014159100734976221,0.5720524017467249,17.790348978019157
22326 - round snack boxes set of4 woodland,22328 - round snack boxes set of 4 fruits,0.014159100734976221,0.44033613445378156,17.790348978019157
20971 - pink blue felt craft trinket box,20972 - pink cream felt craft trinket box,0.012699956766104626,0.5142231947483589,17.78539438434324
20972 - pink cream felt craft trinket box,20971 - pink blue felt craft trinket box,0.012699956766104626,0.4392523364485981,17.78539438434324
22632 - hand warmer red retrospot,22865 - hand warmer owl design,0.010105923043666235,0.5483870967741936,17.74013083690503
22865 - hand warmer owl design,22632 - hand warmer red retrospot,0.010105923043666235,0.3269230769230769,17.74013083690503
23439 - hand warmer red love heart,22865 - hand warmer owl design,0.010970600951145697,0.5471698113207546,17.700752078110565
22865 - hand warmer owl design,23439 - hand warmer red love heart,0.010970600951145697,0.35489510489510484,17.700752078110565
22625 - red kitchen scales,22624 - ivory kitchen scales,0.01432122784262862,0.5915178571428571,17.653945852534562
22624 - ivory kitchen scales,22625 - red kitchen scales,0.01432122784262862,0.4274193548387097,17.653945852534562
23322 - large white heart of wicker,23321 - small white heart of wicker,0.015185905750108085,0.5499021526418787,17.483486997397463
23321 - small white heart of wicker,23322 - large white heart of wicker,0.015185905750108085,0.48281786941580757,17.483486997397463
21914 - blue harmonica in box,21915 - red  harmonica in box,0.014699524427150886,0.5261121856866537,17.3532618252154
21915 - red  harmonica in box,21914 - blue harmonica in box,0.014699524427150886,0.48484848484848486,17.3532618252154
84380 - set of 3 butterfly cookie cutters,84378 - set of 3 heart cookie cutters,0.013132295719844358,0.4879518072289156,17.330249982656152
84378 - set of 3 heart cookie cutters,84380 - set of 3 butterfly cookie cutters,0.013132295719844358,0.46641074856046066,17.330249982656152
22555 - plasters in tin strongman,22556 - plasters in tin circus parade,0.011835278858625162,0.48775055679287305,17.323102308820197
22556 - plasters in tin circus parade,22555 - plasters in tin strongman,0.011835278858625162,0.4203454894433781,17.323102308820197
23200 - jumbo bag pears,23199 - jumbo bag apples,0.016861219195849545,0.6638297872340425,17.107947608605464
23199 - jumbo bag apples,23200 - jumbo bag pears,0.016861219195849545,0.43454038997214484,17.107947608605464
21086 - set/6 red spotty paper cups,21080 - set/20 red retrospot paper napkins,0.010376134889753566,0.6736842105263158,17.02985332182916
22633 - hand warmer union jack,22866 - hand warmer scotty dog design,0.010268050151318634,0.4308390022675737,16.926209974435636
22866 - hand warmer scotty dog design,22633 - hand warmer union jack,0.010268050151318634,0.4033970276008493,16.926209974435636
"20728 - lunch bag cars blue, 20725 - lunch bag red retrospot","22384 - lunch bag pink polkadot, 20727 - lunch bag  black skull.",0.010430177258971033,0.42139737991266374,16.80503689203433
"22384 - lunch bag pink polkadot, 20727 - lunch bag  black skull.","20728 - lunch bag cars blue, 20725 - lunch bag red retrospot",0.010430177258971033,0.4159482758620689,16.80503689203433
22356 - charlotte bag pink polkadot,20724 - red retrospot charlotte bag,0.01740164288802421,0.6611909650924025,16.5557207281053
20724 - red retrospot charlotte bag,22356 - charlotte bag pink polkadot,0.01740164288802421,0.43572395128552105,16.5557207281053
"22726 - alarm clock bakelike green, 22730 - alarm clock bakelike ivory",22727 - alarm clock bakelike red,0.011619109381755297,0.7818181818181819,16.495739608168343
21928 - jumbo bag scandinavian blue paisley,21929 - jumbo bag pink vintage paisley,0.013024210981409426,0.5343680709534369,16.425160772296337
21929 - jumbo bag pink vintage paisley,21928 - jumbo bag scandinavian blue paisley,0.013024210981409426,0.4003322259136213,16.425160772296337
"22726 - alarm clock bakelike green, 22728 - alarm clock bakelike pink",22727 - alarm clock bakelike red,0.014429312581063555,0.7784256559766765,16.424160020743923
22727 - alarm clock bakelike red,"22726 - alarm clock bakelike green, 22728 - alarm clock bakelike pink",0.014429312581063555,0.30444697833523376,16.424160020743923
22417 - pack of 60 spaceboy cake cases,21975 - pack of 60 dinosaur cake cases,0.010268050151318634,0.4668304668304668,16.329359089283475
21975 - pack of 60 dinosaur cake cases,22417 - pack of 60 spaceboy cake cases,0.010268050151318634,0.3591682419659735,16.32935908928347
"22384 - lunch bag pink polkadot, 20725 - lunch bag red retrospot","20728 - lunch bag cars blue, 20727 - lunch bag  black skull.",0.010430177258971033,0.3690248565965583,16.219562818201226
"20728 - lunch bag cars blue, 20727 - lunch bag  black skull.","22384 - lunch bag pink polkadot, 20725 - lunch bag red retrospot",0.010430177258971033,0.4584323040380047,16.219562818201222
"22384 - lunch bag pink polkadot, 20728 - lunch bag cars blue","20727 - lunch bag  black skull., 20725 - lunch bag red retrospot",0.010430177258971033,0.4519906323185011,16.17724305690821
"20727 - lunch bag  black skull., 20725 - lunch bag red retrospot","22384 - lunch bag pink polkadot, 20728 - lunch bag cars blue",0.010430177258971033,0.3733075435203094,16.17724305690821
22356 - charlotte bag pink polkadot,20723 - strawberry charlotte bag,0.011294855166450497,0.42915811088295686,16.140531877598036
20723 - strawberry charlotte bag,22356 - charlotte bag pink polkadot,0.011294855166450497,0.4247967479674797,16.140531877598036
"22727 - alarm clock bakelike red, 22730 - alarm clock bakelike ivory",22726 - alarm clock bakelike green,0.011619109381755297,0.6847133757961784,16.058220919813035
22730 - alarm clock bakelike ivory,"22726 - alarm clock bakelike green, 22727 - alarm clock bakelike red",0.011619109381755297,0.45940170940170943,16.039187227866474
"22726 - alarm clock bakelike green, 22727 - alarm clock bakelike red",22730 - alarm clock bakelike ivory,0.011619109381755297,0.4056603773584906,16.039187227866474
22551 - plasters in tin spaceboy,22554 - plasters in tin woodland animals,0.015780371811500216,0.5043177892918825,15.897608812703568
22554 - plasters in tin woodland animals,22551 - plasters in tin spaceboy,0.015780371811500216,0.49744463373083475,15.897608812703568
22617 - baking set spaceboy design,22138 - baking set 9 piece retrospot,0.01680717682663208,0.7334905660377359,15.892868189651363
22138 - baking set 9 piece retrospot,22617 - baking set spaceboy design,0.01680717682663208,0.3641686182669789,15.892868189651363
"22727 - alarm clock bakelike red, 22728 - alarm clock bakelike pink",22726 - alarm clock bakelike green,0.014429312581063555,0.6742424242424243,15.812651227099897
22726 - alarm clock bakelike green,"22727 - alarm clock bakelike red, 22728 - alarm clock bakelike pink",0.014429312581063555,0.33840304182509506,15.812651227099897
22556 - plasters in tin circus parade,22554 - plasters in tin woodland animals,0.013834846519671422,0.491362763915547,15.489227569835235
22554 - plasters in tin woodland animals,22556 - plasters in tin circus parade,0.013834846519671422,0.43611584327086883,15.489227569835233
22633 - hand warmer union jack,22865 - hand warmer owl design,0.011294855166450497,0.4739229024943311,15.331240188383047
22865 - hand warmer owl design,22633 - hand warmer union jack,0.011294855166450497,0.36538461538461536,15.331240188383045
22725 - alarm clock bakelike chocolate,22726 - alarm clock bakelike green,0.011348897535667963,0.6521739130434782,15.29509009753678
22728 - alarm clock bakelike pink,"22726 - alarm clock bakelike green, 22727 - alarm clock bakelike red",0.014429312581063555,0.435562805872757,15.2068946412632
"22726 - alarm clock bakelike green, 22727 - alarm clock bakelike red",22728 - alarm clock bakelike pink,0.014429312581063555,0.5037735849056604,15.206894641263197
22952 - 60 cake cases vintage christmas,22909 - set of 20 vintage christmas napkins,0.010105923043666235,0.4012875536480687,15.184917980989495
22909 - set of 20 vintage christmas napkins,22952 - 60 cake cases vintage christmas,0.010105923043666235,0.38241308793456036,15.184917980989495
20723 - strawberry charlotte bag,20719 - woodland charlotte bag,0.01156506701253783,0.43495934959349597,15.157227504478437
20719 - woodland charlotte bag,20723 - strawberry charlotte bag,0.01156506701253783,0.40301318267419967,15.157227504478437
22728 - alarm clock bakelike pink,22730 - alarm clock bakelike ivory,0.01264591439688716,0.3817292006525286,15.092985318107669
22730 - alarm clock bakelike ivory,22728 - alarm clock bakelike pink,0.01264591439688716,0.5,15.092985318107667
22112 - chocolate hot water bottle,22835 - hot water bottle i am so poorly,0.01556420233463035,0.4114285714285715,15.075394625176806
22835 - hot water bottle i am so poorly,22112 - chocolate hot water bottle,0.01556420233463035,0.5702970297029702,15.075394625176804
20724 - red retrospot charlotte bag,20723 - strawberry charlotte bag,0.01599654128837008,0.40054127198917455,15.064259546519688
20723 - strawberry charlotte bag,20724 - red retrospot charlotte bag,0.01599654128837008,0.6016260162601625,15.064259546519686
20723 - strawberry charlotte bag,22355 - charlotte bag suki design,0.01264591439688716,0.475609756097561,15.043902439024391
22355 - charlotte bag suki design,20723 - strawberry charlotte bag,0.01264591439688716,0.4,15.043902439024391
22556 - plasters in tin circus parade,22551 - plasters in tin spaceboy,0.01324038045827929,0.47024952015355087,15.028492436824362
22551 - plasters in tin spaceboy,22556 - plasters in tin circus parade,0.01324038045827929,0.4231433506044905,15.02849243682436
22725 - alarm clock bakelike chocolate,22727 - alarm clock bakelike red,0.012213575443147428,0.7018633540372671,14.80875655998357
22356 - charlotte bag pink polkadot,22355 - charlotte bag suki design,0.012267617812364894,0.4661190965092402,14.74370557573843
22355 - charlotte bag suki design,22356 - charlotte bag pink polkadot,0.012267617812364894,0.38803418803418804,14.74370557573843
"20728 - lunch bag cars blue, 20727 - lunch bag  black skull., 20725 - lunch bag red retrospot",22384 - lunch bag pink polkadot,0.010430177258971033,0.7366412213740458,14.641040988512719
22729 - alarm clock bakelike orange,22727 - alarm clock bakelike red,0.013294422827496757,0.6852367688022284,14.457948882458876
20719 - woodland charlotte bag,22355 - charlotte bag suki design,0.013078253350626892,0.45574387947269307,14.41552947993626
22355 - charlotte bag suki design,20719 - woodland charlotte bag,0.013078253350626892,0.4136752136752137,14.41552947993626
22729 - alarm clock bakelike orange,22726 - alarm clock bakelike green,0.011889321227842628,0.6128133704735376,14.37198809536418
"22382 - lunch bag spaceboy design, 20726 - lunch bag woodland",22662 - lunch bag dolly girl design,0.010105923043666235,0.46172839506172847,14.287328130806392
22662 - lunch bag dolly girl design,"22382 - lunch bag spaceboy design, 20726 - lunch bag woodland",0.010105923043666235,0.3127090301003344,14.28732813080639
"22382 - lunch bag spaceboy design, 20725 - lunch bag red retrospot",22662 - lunch bag dolly girl design,0.01156506701253783,0.4582441113490364,14.179513438800283
22662 - lunch bag dolly girl design,"22382 - lunch bag spaceboy design, 20725 - lunch bag red retrospot",0.01156506701253783,0.35785953177257523,14.179513438800283
22726 - alarm clock bakelike green,22727 - alarm clock bakelike red,0.02864245568525724,0.6717363751584283,14.173101352259474
22727 - alarm clock bakelike red,22726 - alarm clock bakelike green,0.02864245568525724,0.6043329532497149,14.173101352259474
22727 - alarm clock bakelike red,22730 - alarm clock bakelike ivory,0.016969303934284478,0.3580387685290764,14.156302078765021
22730 - alarm clock bakelike ivory,22727 - alarm clock bakelike red,0.016969303934284478,0.6709401709401709,14.15630207876502
22555 - plasters in tin strongman,22554 - plasters in tin woodland animals,0.010862516212710765,0.44766146993318484,14.111631754077774
22554 - plasters in tin woodland animals,22555 - plasters in tin strongman,0.010862516212710765,0.3424190800681431,14.111631754077772
22356 - charlotte bag pink polkadot,20719 - woodland charlotte bag,0.010592304366623433,0.4024640657084189,14.024849476212022
20719 - woodland charlotte bag,22356 - charlotte bag pink polkadot,0.010592304366623433,0.3691148775894539,14.024849476212022
"22662 - lunch bag dolly girl design, 20726 - lunch bag woodland",22382 - lunch bag spaceboy design,0.010105923043666235,0.7391304347826088,13.842985389896146
22661 - charlotte bag dolly girl design,20724 - red retrospot charlotte bag,0.010214007782101167,0.5510204081632654,13.797133467730802
22730 - alarm clock bakelike ivory,22726 - alarm clock bakelike green,0.014861651534803285,0.5876068376068375,13.780832602125376
22726 - alarm clock bakelike green,22730 - alarm clock bakelike ivory,0.014861651534803285,0.34854245880861845,13.780832602125376
23170 - regency tea plate roses,22699 - roses regency teacup and saucer,0.010268050151318634,0.5792682926829268,13.689374824782728
22551 - plasters in tin spaceboy,22555 - plasters in tin strongman,0.010376134889753566,0.3316062176165803,13.66601659415858
22555 - plasters in tin strongman,22551 - plasters in tin spaceboy,0.010376134889753566,0.4276169265033407,13.666016594158577
85152 - hand over the chocolate   sign,21166 - cook with wine metal sign,0.014159100734976221,0.44406779661016954,13.649552339658765
21166 - cook with wine metal sign,85152 - hand over the chocolate   sign,0.014159100734976221,0.4352159468438538,13.649552339658765
22728 - alarm clock bakelike pink,22727 - alarm clock bakelike red,0.021400778210116732,0.6460032626427407,13.63015321772095
22727 - alarm clock bakelike red,22728 - alarm clock bakelike pink,0.021400778210116732,0.451539338654504,13.63015321772095
20719 - woodland charlotte bag,20724 - red retrospot charlotte bag,0.015618244703847817,0.544256120527307,13.627760831173598
20724 - red retrospot charlotte bag,20719 - woodland charlotte bag,0.015618244703847817,0.3910690121786198,13.627760831173598
84992 - 72 sweetheart fairy cake cases,21975 - pack of 60 dinosaur cake cases,0.010484219628188499,0.38722554890219557,13.544842262544853
21975 - pack of 60 dinosaur cake cases,84992 - 72 sweetheart fairy cake cases,0.010484219628188499,0.3667296786389414,13.544842262544853
22114 - hot water bottle tea and sympathy,22112 - chocolate hot water bottle,0.014051015996541289,0.5058365758754865,13.371428571428575
22112 - chocolate hot water bottle,22114 - hot water bottle tea and sympathy,0.014051015996541289,0.37142857142857144,13.371428571428572
22835 - hot water bottle i am so poorly,22114 - hot water bottle tea and sympathy,0.010105923043666235,0.3702970297029703,13.330693069306932
22114 - hot water bottle tea and sympathy,22835 - hot water bottle i am so poorly,0.010105923043666235,0.3638132295719845,13.330693069306932
21755 - love building block word,21754 - home building block word,0.014861651534803285,0.49549549549549543,13.268666640591386
21754 - home building block word,21755 - love building block word,0.014861651534803285,0.3979739507959479,13.268666640591386
21213 - pack of 72 skull cake cases,21975 - pack of 60 dinosaur cake cases,0.010214007782101167,0.3787575150300601,13.24863716090025
21975 - pack of 60 dinosaur cake cases,21213 - pack of 72 skull cake cases,0.010214007782101167,0.3572778827977316,13.24863716090025
21791 - vintage heads and tails card game,21790 - vintage snap cards,0.013510592304366624,0.5154639175257733,13.210726218693779
21790 - vintage snap cards,21791 - vintage heads and tails card game,0.013510592304366624,0.3462603878116344,13.210726218693779
22728 - alarm clock bakelike pink,22726 - alarm clock bakelike green,0.018536532641591007,0.5595432300163132,13.122671645401597
22726 - alarm clock bakelike green,22728 - alarm clock bakelike pink,0.018536532641591007,0.4347275031685678,13.122671645401596
"20727 - lunch bag  black skull., 23206 - lunch bag apple design",22383 - lunch bag suki design,0.010916558581928231,0.63125,12.99293659621802
"22662 - lunch bag dolly girl design, 20725 - lunch bag red retrospot",22382 - lunch bag spaceboy design,0.01156506701253783,0.6925566343042072,12.970716559883655
21166 - cook with wine metal sign,21175 - gin + tonic diet metal sign,0.014861651534803285,0.4568106312292358,12.905074687428671
21175 - gin + tonic diet metal sign,21166 - cook with wine metal sign,0.014861651534803285,0.4198473282442748,12.905074687428671
22355 - charlotte bag suki design,20724 - red retrospot charlotte bag,0.016104626026805013,0.5094017094017094,12.755032788591652
20724 - red retrospot charlotte bag,22355 - charlotte bag suki design,0.016104626026805013,0.40324763193504737,12.755032788591652
22557 - plasters in tin vintage paisley,22554 - plasters in tin woodland animals,0.010484219628188499,0.4041666666666666,12.740545144804088
22554 - plasters in tin woodland animals,22557 - plasters in tin vintage paisley,0.010484219628188499,0.33049403747870526,12.740545144804088
23173 - regency teapot roses,22699 - roses regency teacup and saucer,0.010268050151318634,0.5367231638418078,12.683940515617895
23203 - jumbo bag vintage doily,23209 - lunch bag vintage doily,0.012267617812364894,0.36553945249597425,12.572382953504661
23209 - lunch bag vintage doily,23203 - jumbo bag vintage doily,0.012267617812364894,0.4219330855018587,12.57238295350466
23356 - love hot water bottle,23355 - hot water bottle keep calm,0.011781236489407695,0.48552338530066813,12.495305593329016
23355 - hot water bottle keep calm,23356 - love hot water bottle,0.011781236489407695,0.3031988873435327,12.495305593329016
84992 - 72 sweetheart fairy cake cases,84991 - 60 teatime fairy cake cases,0.011997405966277562,0.4431137724550898,12.48002624887212
84991 - 60 teatime fairy cake cases,84992 - 72 sweetheart fairy cake cases,0.011997405966277562,0.33789954337899547,12.48002624887212
"22382 - lunch bag spaceboy design, 20725 - lunch bag red retrospot",20726 - lunch bag woodland,0.013942931258106356,0.5524625267665954,12.466788530840342
20726 - lunch bag woodland,"22382 - lunch bag spaceboy design, 20725 - lunch bag red retrospot",0.013942931258106356,0.3146341463414634,12.46678853084034
23204 - charlotte bag apples design,20724 - red retrospot charlotte bag,0.01140293990488543,0.49647058823529405,12.431247313539759
"22384 - lunch bag pink polkadot, 22382 - lunch bag spaceboy design",20726 - lunch bag woodland,0.010808473843493299,0.5449591280653951,12.297467933807404
"20728 - lunch bag cars blue, 20727 - lunch bag  black skull.",22384 - lunch bag pink polkadot,0.014051015996541289,0.6175771971496438,12.274595548933414
23200 - jumbo bag pears,23202 - jumbo bag vintage leaf,0.01297016861219196,0.5106382978723405,12.239444383199208
23202 - jumbo bag vintage leaf,23200 - jumbo bag pears,0.01297016861219196,0.3108808290155441,12.239444383199208
22910 - paper chain kit vintage christmas,22086 - paper chain kit 50's christmas,0.02437310851707739,0.6470588235294118,12.217527010804323
22086 - paper chain kit 50's christmas,22910 - paper chain kit vintage christmas,0.02437310851707739,0.4602040816326531,12.217527010804323
82494L - wooden frame antique white,82482 - wooden picture frame white finish,0.02529182879377432,0.5770653514180025,12.189517423103561
82482 - wooden picture frame white finish,82494L - wooden frame antique white,0.02529182879377432,0.5342465753424658,12.18951742310356
"20728 - lunch bag cars blue, 22382 - lunch bag spaceboy design",20726 - lunch bag woodland,0.01140293990488543,0.5396419437340153,12.177481130310023
"22384 - lunch bag pink polkadot, 20728 - lunch bag cars blue, 20725 - lunch bag red retrospot",20727 - lunch bag  black skull.,0.010430177258971033,0.6917562724014337,12.167545688703544
"20728 - lunch bag cars blue, 20725 - lunch bag red retrospot",22384 - lunch bag pink polkadot,0.015077821011673152,0.6091703056768559,12.107505194677273
"85099B - jumbo bag red retrospot, 22386 - jumbo bag pink polkadot",85099F - jumbo bag strawberry,0.012537829658452227,0.42490842490842495,12.02217965520718
85099F - jumbo bag strawberry,"85099B - jumbo bag red retrospot, 22386 - jumbo bag pink polkadot",0.012537829658452227,0.3547400611620795,12.022179655207179
"22384 - lunch bag pink polkadot, 20727 - lunch bag  black skull., 20725 - lunch bag red retrospot",20728 - lunch bag cars blue,0.010430177258971033,0.6266233766233766,12.00314592240058
85152 - hand over the chocolate   sign,21175 - gin + tonic diet metal sign,0.013456549935149158,0.4220338983050848,11.92261870875922
21175 - gin + tonic diet metal sign,85152 - hand over the chocolate   sign,0.013456549935149158,0.3801526717557252,11.92261870875922
"85099B - jumbo bag red retrospot, 85099F - jumbo bag strawberry",22386 - jumbo bag pink polkadot,0.012537829658452227,0.5603864734299517,11.90515649178855
21975 - pack of 60 dinosaur cake cases,84991 - 60 teatime fairy cake cases,0.012051448335495029,0.42155009451795844,11.872698552450995
84991 - 60 teatime fairy cake cases,21975 - pack of 60 dinosaur cake cases,0.012051448335495029,0.33942161339421617,11.872698552450995
"22382 - lunch bag spaceboy design, 22662 - lunch bag dolly girl design",20726 - lunch bag woodland,0.010105923043666235,0.5252808988764045,11.853411893669499
"20727 - lunch bag  black skull., 20725 - lunch bag red retrospot",22384 - lunch bag pink polkadot,0.01664504971897968,0.5957446808510638,11.840665493521035
22384 - lunch bag pink polkadot,"20727 - lunch bag  black skull., 20725 - lunch bag red retrospot",0.01664504971897968,0.3308270676691729,11.840665493521035
"22384 - lunch bag pink polkadot, 20726 - lunch bag woodland",20728 - lunch bag cars blue,0.010592304366623433,0.6163522012578616,11.806398687448727
84991 - 60 teatime fairy cake cases,21977 - pack of 60 pink paisley cake cases,0.015131863380890618,0.4261796042617961,11.787783852406987
21977 - pack of 60 pink paisley cake cases,84991 - 60 teatime fairy cake cases,0.015131863380890618,0.4185351270553064,11.787783852406985
"22384 - lunch bag pink polkadot, 20726 - lunch bag woodland",22382 - lunch bag spaceboy design,0.010808473843493299,0.6289308176100629,11.779084867466198
21166 - cook with wine metal sign,21181 - please one person metal sign,0.01432122784262862,0.4401993355481727,11.736957499976063
21181 - please one person metal sign,21166 - cook with wine metal sign,0.01432122784262862,0.3818443804034582,11.736957499976063
21485 - retrospot heart hot water bottle,22111 - scottie dog hot water bottle,0.011943363597060094,0.4146341463414634,11.695716835217132
22111 - scottie dog hot water bottle,21485 - retrospot heart hot water bottle,0.011943363597060094,0.336890243902439,11.695716835217132
23208 - lunch bag vintage leaf design,23207 - lunch bag alphabet design,0.013186338089061824,0.40871021775544386,11.68898588770747
23207 - lunch bag alphabet design,23208 - lunch bag vintage leaf design,0.013186338089061824,0.37712519319938176,11.688985887707469
"22384 - lunch bag pink polkadot, 22382 - lunch bag spaceboy design",20728 - lunch bag cars blue,0.011997405966277562,0.6049046321525886,11.587117301606106
"23206 - lunch bag apple design, 20725 - lunch bag red retrospot",22383 - lunch bag suki design,0.011781236489407695,0.5604113110539846,11.534873080915384
22114 - hot water bottle tea and sympathy,23355 - hot water bottle keep calm,0.01232166018158236,0.443579766536965,11.41585535465925
23355 - hot water bottle keep calm,22114 - hot water bottle tea and sympathy,0.01232166018158236,0.3171070931849791,11.415855354659248
"20727 - lunch bag  black skull., 20726 - lunch bag woodland",22384 - lunch bag pink polkadot,0.010700389105058366,0.5706051873198847,11.341007933584475
"22382 - lunch bag spaceboy design, 20727 - lunch bag  black skull.",20726 - lunch bag woodland,0.011348897535667963,0.5023923444976076,11.33691212510211
"20727 - lunch bag  black skull., 20726 - lunch bag woodland",22382 - lunch bag spaceboy design,0.011348897535667963,0.6051873198847262,11.3343989546022
"20728 - lunch bag cars blue, 20725 - lunch bag red retrospot",20726 - lunch bag woodland,0.012429744920017293,0.5021834061135371,11.332197252103525
"22411 - jumbo shopper vintage red paisley, 85099B - jumbo bag red retrospot",21931 - jumbo storage bag suki,0.010105923043666235,0.47222222222222227,11.289405684754524
"20728 - lunch bag cars blue, 22382 - lunch bag spaceboy design",22384 - lunch bag pink polkadot,0.011997405966277562,0.5677749360613811,11.28475554981718
"23206 - lunch bag apple design, 20725 - lunch bag red retrospot",20726 - lunch bag woodland,0.010484219628188499,0.49871465295629813,11.253921875979684
"20726 - lunch bag woodland, 20725 - lunch bag red retrospot",22382 - lunch bag spaceboy design,0.013942931258106356,0.5958429561200924,11.159390749034605
22662 - lunch bag dolly girl design,22382 - lunch bag spaceboy design,0.019239083441418073,0.5953177257525083,11.149553843445764
22382 - lunch bag spaceboy design,22662 - lunch bag dolly girl design,0.019239083441418073,0.3603238866396761,11.149553843445764
"22383 - lunch bag suki design, 20725 - lunch bag red retrospot",20726 - lunch bag woodland,0.011997405966277562,0.49333333333333335,11.132487804878048
"22383 - lunch bag suki design, 20725 - lunch bag red retrospot",22384 - lunch bag pink polkadot,0.013618677042801557,0.56,11.130225563909775
"20727 - lunch bag  black skull., 20726 - lunch bag woodland",22383 - lunch bag suki design,0.010051880674448769,0.5360230547550433,11.032892775514261
"22384 - lunch bag pink polkadot, 22383 - lunch bag suki design",20728 - lunch bag cars blue,0.011132728058798098,0.5754189944134078,11.02231166938478
"22384 - lunch bag pink polkadot, 20726 - lunch bag woodland",20727 - lunch bag  black skull.,0.010700389105058366,0.6226415094339622,10.951861683047564
"20728 - lunch bag cars blue, 20726 - lunch bag woodland",22382 - lunch bag spaceboy design,0.01140293990488543,0.5828729281767956,10.916478403829379
"22384 - lunch bag pink polkadot, 22383 - lunch bag suki design",20727 - lunch bag  black skull.,0.011997405966277562,0.6201117318435755,10.907364530450115
"20728 - lunch bag cars blue, 20727 - lunch bag  black skull.",22383 - lunch bag suki design,0.012051448335495029,0.5296912114014253,10.902565267821995
23208 - lunch bag vintage leaf design,23206 - lunch bag apple design,0.016428880242109815,0.509212730318258,10.880453073682501
23206 - lunch bag apple design,23208 - lunch bag vintage leaf design,0.016428880242109815,0.3510392609699769,10.8804530736825
"20726 - lunch bag woodland, 20725 - lunch bag red retrospot",22384 - lunch bag pink polkadot,0.012808041504539559,0.5473441108545034,10.87868466944332
"20727 - lunch bag  black skull., 20726 - lunch bag woodland",20728 - lunch bag cars blue,0.010592304366623433,0.5648414985590778,10.81969677985215
"22383 - lunch bag suki design, 20727 - lunch bag  black skull.",22384 - lunch bag pink polkadot,0.011997405966277562,0.5427872860635696,10.788115941267769
"22382 - lunch bag spaceboy design, 20727 - lunch bag  black skull.",22383 - lunch bag suki design,0.011835278858625162,0.5239234449760766,10.783848082132726
"22384 - lunch bag pink polkadot, 22382 - lunch bag spaceboy design",20727 - lunch bag  black skull.,0.012159533073929961,0.6130790190735695,10.783663658685676
"85099B - jumbo bag red retrospot, 21931 - jumbo storage bag suki",22386 - jumbo bag pink polkadot,0.011889321227842628,0.5069124423963134,10.769124953044068
"20728 - lunch bag cars blue, 20726 - lunch bag woodland",22384 - lunch bag pink polkadot,0.010592304366623433,0.5414364640883979,10.761267810410004
"20728 - lunch bag cars blue, 22382 - lunch bag spaceboy design",22383 - lunch bag suki design,0.011024643320363165,0.5217391304347826,10.738888620206026
"22384 - lunch bag pink polkadot, 20727 - lunch bag  black skull.",20728 - lunch bag cars blue,0.014051015996541289,0.5603448275862069,10.733561790533303
"22384 - lunch bag pink polkadot, 20728 - lunch bag cars blue",20727 - lunch bag  black skull.,0.014051015996541289,0.6088992974238876,10.710145056588988
"22384 - lunch bag pink polkadot, 20726 - lunch bag woodland",20725 - lunch bag red retrospot,0.012808041504539559,0.7452830188679245,10.707078401500057
"22382 - lunch bag spaceboy design, 20727 - lunch bag  black skull.",22384 - lunch bag pink polkadot,0.012159533073929961,0.5382775119617225,10.698482364489486
"22382 - lunch bag spaceboy design, 20725 - lunch bag red retrospot",22384 - lunch bag pink polkadot,0.01356463467358409,0.5374732334047109,10.682497004211353
"22384 - lunch bag pink polkadot, 20728 - lunch bag cars blue, 20727 - lunch bag  black skull.",20725 - lunch bag red retrospot,0.010430177258971033,0.7423076923076922,10.664333492594361
"22383 - lunch bag suki design, 20726 - lunch bag woodland",20727 - lunch bag  black skull.,0.010051880674448769,0.6058631921824105,10.656741927892893
"20728 - lunch bag cars blue, 20725 - lunch bag red retrospot",22383 - lunch bag suki design,0.012808041504539559,0.517467248908297,10.650961038708706
85152 - hand over the chocolate   sign,21181 - please one person metal sign,0.012699956766104626,0.39830508474576276,10.619938455526793
21181 - please one person metal sign,85152 - hand over the chocolate   sign,0.012699956766104626,0.33861671469740634,10.619938455526793
"22383 - lunch bag suki design, 20727 - lunch bag  black skull.",23206 - lunch bag apple design,0.010916558581928231,0.49388753056234713,10.552996380514632
"20726 - lunch bag woodland, 20725 - lunch bag red retrospot",22383 - lunch bag suki design,0.011997405966277562,0.5127020785219399,10.552880156807538
"20728 - lunch bag cars blue, 20727 - lunch bag  black skull.",20726 - lunch bag woodland,0.010592304366623433,0.46555819477434685,10.505718092810383
"20728 - lunch bag cars blue, 22383 - lunch bag suki design",22384 - lunch bag pink polkadot,0.011132728058798098,0.5282051282051282,10.498289680244568
23203 - jumbo bag doiley patterns,23202 - jumbo bag vintage leaf,0.010700389105058366,0.43612334801762115,10.453402113624433
"22383 - lunch bag suki design, 20727 - lunch bag  black skull.",20728 - lunch bag cars blue,0.012051448335495029,0.5452322738386308,10.444076599492778
22667 - recipe box retrospot,22666 - recipe box pantry yellow design,0.011132728058798098,0.46712018140589573,10.43912057576654
21975 - pack of 60 dinosaur cake cases,21977 - pack of 60 pink paisley cake cases,0.010754431474275832,0.3761814744801512,10.40487593988149
"22383 - lunch bag suki design, 20726 - lunch bag woodland",20725 - lunch bag red retrospot,0.011997405966277562,0.7231270358306189,10.388775365690817
"22384 - lunch bag pink polkadot, 20725 - lunch bag red retrospot",20727 - lunch bag  black skull.,0.01664504971897968,0.5889101338432122,10.358548589957033
"22384 - lunch bag pink polkadot, 20728 - lunch bag cars blue",20726 - lunch bag woodland,0.010592304366623433,0.45901639344262296,10.358096761295482
"22383 - lunch bag suki design, 20725 - lunch bag red retrospot",23206 - lunch bag apple design,0.011781236489407695,0.48444444444444446,10.351224018475751
"22383 - lunch bag suki design, 22382 - lunch bag spaceboy design",20728 - lunch bag cars blue,0.011024643320363165,0.5396825396825398,10.337769890564923
21928 - jumbo bag scandinavian blue paisley,22411 - jumbo shopper vintage red paisley,0.010700389105058366,0.43902439024390244,10.283173819079963
"22383 - lunch bag suki design, 20727 - lunch bag  black skull.",20726 - lunch bag woodland,0.010051880674448769,0.4547677261613692,10.262221957182897
"22384 - lunch bag pink polkadot, 20725 - lunch bag red retrospot",20726 - lunch bag woodland,0.012808041504539559,0.4531548757170172,10.225826610082544
"22382 - lunch bag spaceboy design, 20727 - lunch bag  black skull.",20728 - lunch bag cars blue,0.012051448335495029,0.5334928229665072,10.219204136824276
"22384 - lunch bag pink polkadot, 20725 - lunch bag red retrospot",20728 - lunch bag cars blue,0.015077821011673152,0.5334608030592735,10.218590786551548
"22383 - lunch bag suki design, 22382 - lunch bag spaceboy design",20727 - lunch bag  black skull.,0.011835278858625162,0.5793650793650793,10.190657251493752
"20726 - lunch bag woodland, 20725 - lunch bag red retrospot",20728 - lunch bag cars blue,0.012429744920017293,0.5311778290993071,10.174859782250081
23207 - lunch bag alphabet design,23206 - lunch bag apple design,0.01664504971897968,0.4760432766615147,10.17171453965897
23206 - lunch bag apple design,23207 - lunch bag alphabet design,0.01664504971897968,0.3556581986143187,10.17171453965897
"22384 - lunch bag pink polkadot, 22383 - lunch bag suki design",20725 - lunch bag red retrospot,0.013618677042801557,0.7039106145251397,10.1127034248239
"22382 - lunch bag spaceboy design, 20725 - lunch bag red retrospot",22383 - lunch bag suki design,0.012375702550799826,0.49036402569593146,10.093098922666869
"85099B - jumbo bag red retrospot, 21931 - jumbo storage bag suki",22411 - jumbo shopper vintage red paisley,0.010105923043666235,0.4308755760368664,10.092305897450855
"22383 - lunch bag suki design, 20725 - lunch bag red retrospot",20728 - lunch bag cars blue,0.012808041504539559,0.5266666666666666,10.088447204968944
"22411 - jumbo shopper vintage red paisley, 85099B - jumbo bag red retrospot",22386 - jumbo bag pink polkadot,0.010159965412883701,0.47474747474747475,10.085794802212712
"20728 - lunch bag cars blue, 20725 - lunch bag red retrospot",20727 - lunch bag  black skull.,0.014159100734976221,0.5720524017467249,10.062031979012735
"20728 - lunch bag cars blue, 22383 - lunch bag suki design",20727 - lunch bag  black skull.,0.012051448335495029,0.5717948717948718,10.057502193623867
"20727 - lunch bag  black skull., 20725 - lunch bag red retrospot",20726 - lunch bag woodland,0.012429744920017293,0.44487427466150864,10.038967778459215
"20727 - lunch bag  black skull., 20725 - lunch bag red retrospot",22383 - lunch bag suki design,0.013618677042801557,0.4874274661508704,10.03265609972826
"20728 - lunch bag cars blue, 22382 - lunch bag spaceboy design",20727 - lunch bag  black skull.,0.012051448335495029,0.5703324808184144,10.031779681619714
"22383 - lunch bag suki design, 20727 - lunch bag  black skull.",22382 - lunch bag spaceboy design,0.011835278858625162,0.5354523227383863,10.028349979707592
"22382 - lunch bag spaceboy design, 20726 - lunch bag woodland",20728 - lunch bag cars blue,0.01140293990488543,0.5209876543209877,9.979664136185876
22385 - jumbo bag spaceboy design,21931 - jumbo storage bag suki,0.010754431474275832,0.4171907756813417,9.973770172102775
21930 - jumbo storage bag skulls,21931 - jumbo storage bag suki,0.010592304366623433,0.416135881104034,9.948550831975512
"22384 - lunch bag pink polkadot, 20728 - lunch bag cars blue",22383 - lunch bag suki design,0.011132728058798098,0.48243559718969553,9.929909110565212
21929 - jumbo bag pink vintage paisley,22411 - jumbo shopper vintage red paisley,0.013780804150453956,0.4235880398671096,9.921611505950628
22411 - jumbo shopper vintage red paisley,21929 - jumbo bag pink vintage paisley,0.013780804150453956,0.3227848101265823,9.921611505950628
"20728 - lunch bag cars blue, 20727 - lunch bag  black skull.",22382 - lunch bag spaceboy design,0.012051448335495029,0.5296912114014253,9.920451594910904
"22384 - lunch bag pink polkadot, 20725 - lunch bag red retrospot",22383 - lunch bag suki design,0.013618677042801557,0.4818355640535373,9.917558706614743
"23206 - lunch bag apple design, 20725 - lunch bag red retrospot",22384 - lunch bag pink polkadot,0.010484219628188499,0.49871465295629813,9.912154606126037
"22383 - lunch bag suki design, 23206 - lunch bag apple design",20727 - lunch bag  black skull.,0.010916558581928231,0.5611111111111111,9.86958174904943
"22383 - lunch bag suki design, 20725 - lunch bag red retrospot",20727 - lunch bag  black skull.,0.013618677042801557,0.56,9.85003802281369
"22384 - lunch bag pink polkadot, 20727 - lunch bag  black skull.",22383 - lunch bag suki design,0.011997405966277562,0.47844827586206895,9.847838594607033
"22384 - lunch bag pink polkadot, 22382 - lunch bag spaceboy design",20725 - lunch bag red retrospot,0.01356463467358409,0.683923705722071,9.825562306429504
"22382 - lunch bag spaceboy design, 20726 - lunch bag woodland",22384 - lunch bag pink polkadot,0.010808473843493299,0.4938271604938272,9.81501372478816
"20728 - lunch bag cars blue, 22383 - lunch bag suki design",22382 - lunch bag spaceboy design,0.011024643320363165,0.5230769230769231,9.796574275926504
22469 - heart of wicker small,22470 - heart of wicker large,0.021995244271508865,0.4235171696149844,9.783722480094472
22470 - heart of wicker large,22469 - heart of wicker small,0.021995244271508865,0.5081148564294632,9.78372248009447
21136 - painted metal pears assorted,84879 - assorted colour bird ornament,0.013780804150453956,0.7244318181818182,9.74900826446281
"22384 - lunch bag pink polkadot, 20728 - lunch bag cars blue",22382 - lunch bag spaceboy design,0.011997405966277562,0.5199063231850117,9.737192919246414
"20727 - lunch bag  black skull., 20725 - lunch bag red retrospot",20728 - lunch bag cars blue,0.014159100734976221,0.5067698259187621,9.70731765921405
"22384 - lunch bag pink polkadot, 85099B - jumbo bag red retrospot",20725 - lunch bag red retrospot,0.010105923043666235,0.6750902527075813,9.698656860326928
"22382 - lunch bag spaceboy design, 20725 - lunch bag red retrospot",20727 - lunch bag  black skull.,0.013888888888888888,0.5503211991434689,9.679794172006416
22111 - scottie dog hot water bottle,22112 - chocolate hot water bottle,0.01297016861219196,0.3658536585365854,9.671080139372824
22112 - chocolate hot water bottle,22111 - scottie dog hot water bottle,0.01297016861219196,0.3428571428571429,9.671080139372824
"22382 - lunch bag spaceboy design, 20725 - lunch bag red retrospot",20728 - lunch bag cars blue,0.012699956766104626,0.5032119914346895,9.639166345245854
"85099B - jumbo bag red retrospot, 22386 - jumbo bag pink polkadot",21931 - jumbo storage bag suki,0.011889321227842628,0.40293040293040294,9.632847772382657
"22384 - lunch bag pink polkadot, 20727 - lunch bag  black skull.",20726 - lunch bag woodland,0.010700389105058366,0.4267241379310345,9.629394449116905
"22384 - lunch bag pink polkadot, 23206 - lunch bag apple design",20725 - lunch bag red retrospot,0.010484219628188499,0.6689655172413793,9.610666095523666
"20728 - lunch bag cars blue, 20725 - lunch bag red retrospot",22382 - lunch bag spaceboy design,0.012699956766104626,0.5131004366812227,9.609727206831321
21175 - gin + tonic diet metal sign,21181 - please one person metal sign,0.012753999135322092,0.3603053435114504,9.606758035066107
21181 - please one person metal sign,21175 - gin + tonic diet metal sign,0.012753999135322092,0.3400576368876081,9.606758035066107
22951 - 60 cake cases dolly girl design,21212 - pack of 72 retrospot cake cases,0.010214007782101167,0.5338983050847458,9.600830162573505
"20726 - lunch bag woodland, 20725 - lunch bag red retrospot",23206 - lunch bag apple design,0.010484219628188499,0.4480369515011547,9.573297633461163
20726 - lunch bag woodland,22662 - lunch bag dolly girl design,0.013672719412019023,0.30853658536585366,9.547091932457786
22662 - lunch bag dolly girl design,20726 - lunch bag woodland,0.013672719412019023,0.423076923076923,9.547091932457784
"22384 - lunch bag pink polkadot, 20727 - lunch bag  black skull.",20725 - lunch bag red retrospot,0.01664504971897968,0.6637931034482758,9.536356821589203
"22383 - lunch bag suki design, 20725 - lunch bag red retrospot",22382 - lunch bag spaceboy design,0.012375702550799826,0.5088888888888888,9.53085020242915
22835 - hot water bottle i am so poorly,23355 - hot water bottle keep calm,0.010105923043666235,0.3702970297029703,9.52986959335711
"20728 - lunch bag cars blue, 20726 - lunch bag woodland",20727 - lunch bag  black skull.,0.010592304366623433,0.5414364640883979,9.523517425372352
"20727 - lunch bag  black skull., 20726 - lunch bag woodland",20725 - lunch bag red retrospot,0.012429744920017293,0.6628242074927954,9.522437216961713
22386 - jumbo bag pink polkadot,85099F - jumbo bag strawberry,0.015834414180717682,0.33639494833524686,9.517816703356893
85099F - jumbo bag strawberry,22386 - jumbo bag pink polkadot,0.015834414180717682,0.4480122324159021,9.51781670335689
23199 - jumbo bag apples,23201 - jumbo bag alphabet,0.01496973627323822,0.38579387186629527,9.492991761986605
23201 - jumbo bag alphabet,23199 - jumbo bag apples,0.01496973627323822,0.3683510638297872,9.492991761986605
23202 - jumbo bag vintage leaf,23199 - jumbo bag apples,0.015348032857760483,0.3678756476683938,9.480739532668467
23199 - jumbo bag apples,23202 - jumbo bag vintage leaf,0.015348032857760483,0.39554317548746515,9.480739532668466
21929 - jumbo bag pink vintage paisley,85099F - jumbo bag strawberry,0.010862516212710765,0.33388704318936874,9.446859093541406
85099F - jumbo bag strawberry,21929 - jumbo bag pink vintage paisley,0.010862516212710765,0.3073394495412844,9.446859093541406
"23206 - lunch bag apple design, 20725 - lunch bag red retrospot",22382 - lunch bag spaceboy design,0.010592304366623433,0.5038560411311054,9.43659128045544
"22384 - lunch bag pink polkadot, 20728 - lunch bag cars blue",20725 - lunch bag red retrospot,0.015077821011673152,0.6533957845433255,9.386984159308769
22417 - pack of 60 spaceboy cake cases,21212 - pack of 72 retrospot cake cases,0.011456982274102896,0.5208845208845209,9.366809693340306
"20726 - lunch bag woodland, 23206 - lunch bag apple design",20725 - lunch bag red retrospot,0.010484219628188499,0.651006711409396,9.352661636583434
"20726 - lunch bag woodland, 20725 - lunch bag red retrospot",20727 - lunch bag  black skull.,0.012429744920017293,0.5311778290993071,9.343074666971082
21930 - jumbo storage bag skulls,22386 - jumbo bag pink polkadot,0.011186770428015564,0.4394904458598726,9.336775212618925
"20727 - lunch bag  black skull., 20725 - lunch bag red retrospot",22382 - lunch bag spaceboy design,0.013888888888888888,0.4970986460348162,9.310033751243157
20726 - lunch bag woodland,22382 - lunch bag spaceboy design,0.02188715953307393,0.4939024390243902,9.250172805371777
22382 - lunch bag spaceboy design,20726 - lunch bag woodland,0.02188715953307393,0.409919028340081,9.250172805371777
"23206 - lunch bag apple design, 20725 - lunch bag red retrospot",20727 - lunch bag  black skull.,0.011024643320363165,0.5244215938303342,9.224236855738122
"20727 - lunch bag  black skull., 23206 - lunch bag apple design",20725 - lunch bag red retrospot,0.011024643320363165,0.6375,9.158618012422359
"85099F - jumbo bag strawberry, 22386 - jumbo bag pink polkadot",85099B - jumbo bag red retrospot,0.012537829658452227,0.7918088737201366,9.157269624573381
"22382 - lunch bag spaceboy design, 20726 - lunch bag woodland",20725 - lunch bag red retrospot,0.013942931258106356,0.6370370370370371,9.151966873706005
"20728 - lunch bag cars blue, 20726 - lunch bag woodland",20725 - lunch bag red retrospot,0.012429744920017293,0.6353591160220994,9.127861089187055
"22382 - lunch bag spaceboy design, 20726 - lunch bag woodland",20727 - lunch bag  black skull.,0.011348897535667963,0.5185185185185185,9.12040557667934
22385 - jumbo bag spaceboy design,22386 - jumbo bag pink polkadot,0.011024643320363165,0.42767295597484284,9.085717999263482
"22382 - lunch bag spaceboy design, 23206 - lunch bag apple design",20725 - lunch bag red retrospot,0.010592304366623433,0.6322580645161291,9.083309957924264
"22384 - lunch bag pink polkadot, 20727 - lunch bag  black skull.",22382 - lunch bag spaceboy design,0.012159533073929961,0.4849137931034483,9.081826748569036
21975 - pack of 60 dinosaur cake cases,21212 - pack of 72 retrospot cake cases,0.014429312581063555,0.504725897920605,9.076237138117468
"21931 - jumbo storage bag suki, 22386 - jumbo bag pink polkadot",85099B - jumbo bag red retrospot,0.011889321227842628,0.7829181494661921,9.054448398576511
22112 - chocolate hot water bottle,23355 - hot water bottle keep calm,0.013294422827496757,0.3514285714285714,9.04427577985297
23355 - hot water bottle keep calm,22112 - chocolate hot water bottle,0.013294422827496757,0.3421418636995827,9.04427577985297
84991 - 60 teatime fairy cake cases,21212 - pack of 72 retrospot cake cases,0.017833981841763942,0.502283105022831,9.032309597028636
21212 - pack of 72 retrospot cake cases,84991 - 60 teatime fairy cake cases,0.017833981841763942,0.3206997084548105,9.032309597028636
21977 - pack of 60 pink paisley cake cases,21212 - pack of 72 retrospot cake cases,0.018104193687851277,0.5007473841554559,9.004693485337762
21212 - pack of 72 retrospot cake cases,21977 - pack of 60 pink paisley cake cases,0.018104193687851277,0.3255587949465501,9.00469348533776
"22384 - lunch bag pink polkadot, 20725 - lunch bag red retrospot",22382 - lunch bag spaceboy design,0.01356463467358409,0.47992351816443596,8.988365162059436
23243 - set of tea coffee sugar tins pantry,22720 - set of 3 cake tins pantry design,0.01156506701253783,0.5558441558441559,8.974991500645952
"22382 - lunch bag spaceboy design, 20725 - lunch bag red retrospot",23206 - lunch bag apple design,0.010592304366623433,0.4197002141327623,8.967820741700502
21928 - jumbo bag scandinavian blue paisley,22386 - jumbo bag pink polkadot,0.010268050151318634,0.4212860310421286,8.950030675549423
"20728 - lunch bag cars blue, 20727 - lunch bag  black skull.",20725 - lunch bag red retrospot,0.014159100734976221,0.6223277909738718,8.94064708399109
21213 - pack of 72 skull cake cases,21212 - pack of 72 retrospot cake cases,0.01340250756593169,0.49699398797595185,8.937198011182716
85099C - jumbo  bag baroque black white,85099F - jumbo bag strawberry,0.011078685689580632,0.31587057010785824,8.937108607455366
85099F - jumbo bag strawberry,85099C - jumbo  bag baroque black white,0.011078685689580632,0.31345565749235477,8.937108607455366
21929 - jumbo bag pink vintage paisley,22386 - jumbo bag pink polkadot,0.013672719412019023,0.420265780730897,8.928355920372582
"22411 - jumbo shopper vintage red paisley, 22386 - jumbo bag pink polkadot",85099B - jumbo bag red retrospot,0.010159965412883701,0.7704918032786886,8.910737704918034
23209 - lunch bag doiley pattern,23206 - lunch bag apple design,0.010430177258971033,0.4159482758620689,8.887652305486977
85099C - jumbo  bag baroque black white,21931 - jumbo storage bag suki,0.013024210981409426,0.3713405238828968,8.877629268642277
21931 - jumbo storage bag suki,85099C - jumbo  bag baroque black white,0.013024210981409426,0.3113695090439277,8.877629268642277
"22383 - lunch bag suki design, 20727 - lunch bag  black skull.",20725 - lunch bag red retrospot,0.013618677042801557,0.6161369193154034,8.851706176251726
"22382 - lunch bag spaceboy design, 20727 - lunch bag  black skull.",20725 - lunch bag red retrospot,0.013888888888888888,0.6148325358851674,8.832966804362684
23199 - jumbo bag apples,23206 - lunch bag apple design,0.01599654128837008,0.4122562674094707,8.808764402014834
23206 - lunch bag apple design,23199 - jumbo bag apples,0.01599654128837008,0.34180138568129326,8.808764402014834
22384 - lunch bag pink polkadot,20728 - lunch bag cars blue,0.023076091655858194,0.4586466165413534,8.785504133003316
20728 - lunch bag cars blue,22384 - lunch bag pink polkadot,0.023076091655858194,0.4420289855072464,8.785504133003316
23207 - lunch bag alphabet design,23201 - jumbo bag alphabet,0.01248378728923476,0.35703245749613605,8.78527738498471
23201 - jumbo bag alphabet,23207 - lunch bag alphabet design,0.01248378728923476,0.3071808510638298,8.78527738498471
22662 - lunch bag dolly girl design,22383 - lunch bag suki design,0.013780804150453956,0.4264214046822742,8.776976276129924
20727 - lunch bag  black skull.,22384 - lunch bag pink polkadot,0.025075659316904454,0.44106463878327,8.76633735343247
22384 - lunch bag pink polkadot,20727 - lunch bag  black skull.,0.025075659316904454,0.4983888292158969,8.766337353432467
"85099B - jumbo bag red retrospot, 20725 - lunch bag red retrospot",22384 - lunch bag pink polkadot,0.010105923043666235,0.44,8.74517722878625
"20728 - lunch bag cars blue, 22383 - lunch bag suki design",20725 - lunch bag red retrospot,0.012808041504539559,0.6076923076923076,8.730387004300047
23203 - jumbo bag vintage doily,23202 - jumbo bag vintage leaf,0.012213575443147428,0.3639291465378422,8.722985657430353
"22382 - lunch bag spaceboy design, 22383 - lunch bag suki design",20725 - lunch bag red retrospot,0.012375702550799826,0.6058201058201058,8.703490091688849
"22383 - lunch bag suki design, 23206 - lunch bag apple design",20725 - lunch bag red retrospot,0.011781236489407695,0.6055555555555555,8.699689440993788
23208 - lunch bag vintage leaf design,22383 - lunch bag suki design,0.013618677042801557,0.42211055276381904,8.688246572126483
23322 - large white heart of wicker,22470 - heart of wicker large,0.010376134889753566,0.37573385518590996,8.679874227665517
"22382 - lunch bag spaceboy design, 22662 - lunch bag dolly girl design",20725 - lunch bag red retrospot,0.01156506701253783,0.601123595505618,8.636017865866425
"20728 - lunch bag cars blue, 22382 - lunch bag spaceboy design",20725 - lunch bag red retrospot,0.012699956766104626,0.6010230179028133,8.634572921796318
20712 - jumbo bag woodland animals,22386 - jumbo bag pink polkadot,0.010754431474275832,0.40447154471544716,8.592814538937583
23206 - lunch bag apple design,22383 - lunch bag suki design,0.019455252918287938,0.41570438799076215,8.556389316330437
22383 - lunch bag suki design,23206 - lunch bag apple design,0.019455252918287938,0.40044493882091214,8.556389316330437
85099C - jumbo  bag baroque black white,22411 - jumbo shopper vintage red paisley,0.012808041504539559,0.36517719568567025,8.55346687211094
22411 - jumbo shopper vintage red paisley,85099C - jumbo  bag baroque black white,0.012808041504539559,0.3,8.55346687211094
"22411 - jumbo shopper vintage red paisley, 21931 - jumbo storage bag suki",85099B - jumbo bag red retrospot,0.010105923043666235,0.7391304347826088,8.54804347826087
20726 - lunch bag woodland,20728 - lunch bag cars blue,0.01956333765672287,0.44146341463414634,8.456355097712468
20728 - lunch bag cars blue,20726 - lunch bag woodland,0.01956333765672287,0.3747412008281573,8.456355097712466
"20727 - lunch bag  black skull., 20725 - lunch bag red retrospot",23206 - lunch bag apple design,0.011024643320363165,0.39458413926499036,8.431160407574344
23208 - lunch bag vintage leaf design,23202 - jumbo bag vintage leaf,0.011294855166450497,0.3500837520938023,8.391126617543677
23201 - jumbo bag alphabet,23202 - jumbo bag vintage leaf,0.014159100734976221,0.3484042553191489,8.350870907286959
23202 - jumbo bag vintage leaf,23201 - jumbo bag alphabet,0.014159100734976221,0.33937823834196895,8.350870907286959
82483 - wood 2 drawer cabinet white finish,82494L - wooden frame antique white,0.010051880674448769,0.36542239685658157,8.337578337156826
22383 - lunch bag suki design,20728 - lunch bag cars blue,0.021076523994811934,0.4338153503893215,8.30985428944514
20728 - lunch bag cars blue,22383 - lunch bag suki design,0.021076523994811934,0.4037267080745342,8.30985428944514
82483 - wood 2 drawer cabinet white finish,82482 - wooden picture frame white finish,0.010700389105058366,0.3889980353634578,8.216917404526738
85099C - jumbo  bag baroque black white,22386 - jumbo bag pink polkadot,0.013510592304366624,0.3852080123266564,8.183569529382837
23207 - lunch bag alphabet design,22383 - lunch bag suki design,0.013888888888888888,0.39721792890262747,8.175884934832279
84992 - 72 sweetheart fairy cake cases,21212 - pack of 72 retrospot cake cases,0.012213575443147428,0.45109780439121755,8.111869555349942
22384 - lunch bag pink polkadot,20725 - lunch bag red retrospot,0.028264159100734976,0.5617615467239527,8.070524581195668
20725 - lunch bag red retrospot,22384 - lunch bag pink polkadot,0.028264159100734976,0.406055900621118,8.070524581195668
"85099B - jumbo bag red retrospot, 22386 - jumbo bag pink polkadot",22411 - jumbo shopper vintage red paisley,0.010159965412883701,0.3443223443223443,8.06498817638058
22383 - lunch bag suki design,20727 - lunch bag  black skull.,0.022103329009943797,0.4549499443826474,8.002275447582232
20727 - lunch bag  black skull.,22383 - lunch bag suki design,0.022103329009943797,0.3887832699619772,8.002275447582232
85099F - jumbo bag strawberry,21931 - jumbo storage bag suki,0.011727194120190229,0.3318042813455658,7.932437237749806
"22384 - lunch bag pink polkadot, 20725 - lunch bag red retrospot",23206 - lunch bag apple design,0.010484219628188499,0.37093690248565964,7.925885038792893
22383 - lunch bag suki design,22384 - lunch bag pink polkadot,0.019347168179853005,0.39822024471635153,7.914787763943468
22384 - lunch bag pink polkadot,22383 - lunch bag suki design,0.019347168179853005,0.3845327604726101,7.914787763943467
22383 - lunch bag suki design,22382 - lunch bag spaceboy design,0.020428015564202335,0.42046718576195774,7.874822677468893
22382 - lunch bag spaceboy design,22383 - lunch bag suki design,0.020428015564202335,0.3825910931174089,7.8748226774688925
22662 - lunch bag dolly girl design,20728 - lunch bag cars blue,0.01324038045827929,0.40969899665551834,7.847898793078376
22662 - lunch bag dolly girl design,22384 - lunch bag pink polkadot,0.012699956766104626,0.3929765886287625,7.810567987096263
22662 - lunch bag dolly girl design,20727 - lunch bag  black skull.,0.014267185473411154,0.44147157190635444,7.765199587980212
23206 - lunch bag apple design,20726 - lunch bag woodland,0.016104626026805013,0.3441108545034642,7.765155185039148
20726 - lunch bag woodland,23206 - lunch bag apple design,0.016104626026805013,0.3634146341463414,7.765155185039147
21929 - jumbo bag pink vintage paisley,21931 - jumbo storage bag suki,0.010538261997405967,0.3239202657807309,7.743954260990497
21931 - jumbo storage bag suki,22386 - jumbo bag pink polkadot,0.015185905750108085,0.36304909560723514,7.712813392785625
22386 - jumbo bag pink polkadot,21931 - jumbo storage bag suki,0.015185905750108085,0.32261768082663606,7.712813392785625
22384 - lunch bag pink polkadot,20726 - lunch bag woodland,0.017185473411154346,0.3415682062298604,7.707778156191874
20726 - lunch bag woodland,22384 - lunch bag pink polkadot,0.017185473411154346,0.3878048780487805,7.707778156191873
20726 - lunch bag woodland,22383 - lunch bag suki design,0.016591007349762214,0.374390243902439,7.70602566537345
22383 - lunch bag suki design,20726 - lunch bag woodland,0.016591007349762214,0.3414905450500556,7.706025665373449
20727 - lunch bag  black skull.,20728 - lunch bag cars blue,0.022751837440553393,0.40019011406844107,7.665753489360697
20728 - lunch bag cars blue,20727 - lunch bag  black skull.,0.022751837440553393,0.4358178053830227,7.6657534893606964
21931 - jumbo storage bag suki,22411 - jumbo shopper vintage red paisley,0.013672719412019023,0.3268733850129199,7.656284957315278
22411 - jumbo shopper vintage red paisley,21931 - jumbo storage bag suki,0.013672719412019023,0.320253164556962,7.656284957315278
20726 - lunch bag woodland,20725 - lunch bag red retrospot,0.023400345871162992,0.5280487804878049,7.586191486138464
20725 - lunch bag red retrospot,20726 - lunch bag woodland,0.023400345871162992,0.3361801242236025,7.586191486138464
22382 - lunch bag spaceboy design,20728 - lunch bag cars blue,0.0211305663640294,0.39574898785425106,7.5806824754193185
20728 - lunch bag cars blue,22382 - lunch bag spaceboy design,0.0211305663640294,0.40476190476190477,7.580682475419318
22961 - jam making set printed,22960 - jam making set with jars,0.01664504971897968,0.3548387096774194,7.478286428099053
22960 - jam making set with jars,22961 - jam making set printed,0.01664504971897968,0.3507972665148064,7.478286428099053
20726 - lunch bag woodland,20727 - lunch bag  black skull.,0.018752702118460873,0.42317073170731706,7.443299638319577
20727 - lunch bag  black skull.,20726 - lunch bag woodland,0.018752702118460873,0.32984790874524716,7.443299638319577
22382 - lunch bag spaceboy design,20727 - lunch bag  black skull.,0.022589710332900994,0.4230769230769231,7.441649605147704
20727 - lunch bag  black skull.,22382 - lunch bag spaceboy design,0.022589710332900994,0.3973384030418251,7.441649605147704
22662 - lunch bag dolly girl design,20725 - lunch bag red retrospot,0.016699092088197146,0.5167224080267558,7.423471613452709
22384 - lunch bag pink polkadot,22382 - lunch bag spaceboy design,0.019833549502810202,0.39419978517722876,7.382867231699839
22382 - lunch bag spaceboy design,22384 - lunch bag pink polkadot,0.019833549502810202,0.3714574898785425,7.382867231699839
22722 - set of 6 spice tins pantry design,22720 - set of 3 cake tins pantry design,0.016104626026805013,0.45635528330781006,7.368584783881079
85099F - jumbo bag strawberry,85099B - jumbo bag red retrospot,0.02237354085603113,0.6330275229357798,7.320963302752293
22662 - lunch bag dolly girl design,23206 - lunch bag apple design,0.011024643320363165,0.3411371237458194,7.289147041330995
22386 - jumbo bag pink polkadot,85099B - jumbo bag red retrospot,0.029507133592736705,0.6268656716417911,7.249701492537314
85099B - jumbo bag red retrospot,22386 - jumbo bag pink polkadot,0.029507133592736705,0.34125,7.249701492537313
23209 - lunch bag vintage doily,22383 - lunch bag suki design,0.010214007782101167,0.3513011152416357,7.230785135073668
22383 - lunch bag suki design,20725 - lunch bag red retrospot,0.024319066147859923,0.5005561735261401,7.191220058173678
20725 - lunch bag red retrospot,22383 - lunch bag suki design,0.024319066147859923,0.3493788819875776,7.191220058173677
23208 - lunch bag vintage leaf design,20726 - lunch bag woodland,0.010268050151318634,0.3182579564489112,7.18176247089104
23208 - lunch bag vintage leaf design,20727 - lunch bag  black skull.,0.013132295719844358,0.40703517587939697,7.159485641133424
23207 - lunch bag alphabet design,20726 - lunch bag woodland,0.011024643320363165,0.3153013910355487,7.115045048441211
23207 - lunch bag alphabet design,22382 - lunch bag spaceboy design,0.01324038045827929,0.37867078825347755,7.092028609152175
20727 - lunch bag  black skull.,20725 - lunch bag red retrospot,0.02793990488543018,0.4914448669201521,7.060322839666533
20725 - lunch bag red retrospot,20727 - lunch bag  black skull.,0.02793990488543018,0.40139751552795033,7.060322839666533
23208 - lunch bag vintage leaf design,22382 - lunch bag spaceboy design,0.012159533073929961,0.37688442211055273,7.0585722132931865
23207 - lunch bag alphabet design,20728 - lunch bag cars blue,0.01264591439688716,0.3616692426584235,6.927875430798621
22804 - candleholder pink hanging heart,85123A - white hanging heart t-light holder,0.013672719412019023,0.7376093294460642,6.924770691055287
23207 - lunch bag alphabet design,22384 - lunch bag pink polkadot,0.012159533073929961,0.34775888717156106,6.911847957274507
21928 - jumbo bag scandinavian blue paisley,85099B - jumbo bag red retrospot,0.014483354950281021,0.5942350332594235,6.872328159645233
20725 - lunch bag red retrospot,20728 - lunch bag cars blue,0.024751405101599653,0.3555900621118012,6.81142702827823
20728 - lunch bag cars blue,20725 - lunch bag red retrospot,0.024751405101599653,0.4741200828157349,6.811427028278229
22382 - lunch bag spaceboy design,20725 - lunch bag red retrospot,0.025237786424556853,0.472672064777328,6.790624135589811
20725 - lunch bag red retrospot,22382 - lunch bag spaceboy design,0.025237786424556853,0.36257763975155277,6.790624135589811
22326 - round snack boxes set of4 woodland,POST - postage,0.012862083873757025,0.4,6.734849863512284
23206 - lunch bag apple design,22382 - lunch bag spaceboy design,0.016753134457414613,0.3579676674364896,6.704285139923891
22382 - lunch bag spaceboy design,23206 - lunch bag apple design,0.016753134457414613,0.31376518218623484,6.704285139923891
"22699 - roses regency teacup and saucer, 22698 - pink regency teacup and saucer, 22697 - green regency teacup and saucer",22423 - regency cakestand 3 tier,0.012916126242974491,0.6128205128205128,6.658620533899453
23206 - lunch bag apple design,22384 - lunch bag pink polkadot,0.015672287073065283,0.3348729792147806,6.655735346283889
22384 - lunch bag pink polkadot,23206 - lunch bag apple design,0.015672287073065283,0.31149301825993553,6.655735346283888
23321 - small white heart of wicker,22469 - heart of wicker small,0.010862516212710765,0.34536082474226804,6.649902914704399
23207 - lunch bag alphabet design,20727 - lunch bag  black skull.,0.013186338089061824,0.37712519319938176,6.633388379240837
23209 - lunch bag vintage doily,22382 - lunch bag spaceboy design,0.010268050151318634,0.3531598513011152,6.614240777809551
"22699 - roses regency teacup and saucer, 22698 - pink regency teacup and saucer",22423 - regency cakestand 3 tier,0.01432122784262862,0.6077981651376146,6.604050057373119
23199 - jumbo bag apples,22386 - jumbo bag pink polkadot,0.012051448335495029,0.3105849582172702,6.598236586512478
22411 - jumbo shopper vintage red paisley,22386 - jumbo bag pink polkadot,0.013186338089061824,0.30886075949367087,6.5616067665567
23209 - lunch bag vintage doily,20727 - lunch bag  black skull.,0.010808473843493299,0.37174721189591076,6.538793164374461
23208 - lunch bag vintage leaf design,22384 - lunch bag pink polkadot,0.010592304366623433,0.3283082077051926,6.525257868288811
23209 - lunch bag vintage doily,20725 - lunch bag red retrospot,0.013186338089061824,0.4535315985130111,6.5156433997552465
23208 - lunch bag vintage leaf design,20728 - lunch bag cars blue,0.010970600951145697,0.3400335008375209,6.513436748962201
20727 - lunch bag  black skull.,23206 - lunch bag apple design,0.01729355814958928,0.30418250950570347,6.49953020311032
23206 - lunch bag apple design,20727 - lunch bag  black skull.,0.01729355814958928,0.3695150115473441,6.499530203110319
21931 - jumbo storage bag suki,85099B - jumbo bag red retrospot,0.023454388240380458,0.5607235142118864,6.484767441860466
22385 - jumbo bag spaceboy design,85099B - jumbo bag red retrospot,0.014429312581063555,0.5597484276729561,6.4734905660377375
23206 - lunch bag apple design,20725 - lunch bag red retrospot,0.021022481625594468,0.44919168591224024,6.453294220590134
20725 - lunch bag red retrospot,23206 - lunch bag apple design,0.021022481625594468,0.30201863354037267,6.453294220590134
85099C - jumbo  bag baroque black white,85099B - jumbo bag red retrospot,0.01956333765672287,0.5577812018489985,6.450739599383668
23206 - lunch bag apple design,20728 - lunch bag cars blue,0.015672287073065283,0.3348729792147806,6.414585514896791
20728 - lunch bag cars blue,23206 - lunch bag apple design,0.015672287073065283,0.3002070393374741,6.414585514896791
"22697 - green regency teacup and saucer, 22698 - pink regency teacup and saucer",22423 - regency cakestand 3 tier,0.01464548205793342,0.5891304347826087,6.401215246751257
21929 - jumbo bag pink vintage paisley,85099B - jumbo bag red retrospot,0.01788802421098141,0.5498338870431893,6.358828903654484
23208 - lunch bag vintage leaf design,20725 - lunch bag red retrospot,0.014213143104193688,0.44053601340033494,6.3289428509004635
21733 - red hanging heart t-light holder,85123A - white hanging heart t-light holder,0.024589277993947254,0.6701030927835051,6.2910135103328155
"22697 - green regency teacup and saucer, 22699 - roses regency teacup and saucer",22423 - regency cakestand 3 tier,0.016861219195849545,0.5767097966728281,6.2662584131732295
20712 - jumbo bag woodland animals,85099B - jumbo bag red retrospot,0.014159100734976221,0.5325203252032521,6.15859756097561
21930 - jumbo storage bag skulls,85099B - jumbo bag red retrospot,0.01340250756593169,0.5265392781316348,6.089426751592357
22698 - pink regency teacup and saucer,22423 - regency cakestand 3 tier,0.016699092088197146,0.5557553956834532,6.038577710937532
23173 - regency teapot roses,22423 - regency cakestand 3 tier,0.010484219628188499,0.5480225988700564,5.9545567642346
22697 - green regency teacup and saucer,22423 - regency cakestand 3 tier,0.02021184608733247,0.5412445730824892,5.880909912107093
22699 - roses regency teacup and saucer,22423 - regency cakestand 3 tier,0.022697795071335927,0.5363984674329502,5.828254398930892
22411 - jumbo shopper vintage red paisley,85099B - jumbo bag red retrospot,0.021400778210116732,0.5012658227848101,5.797139240506329
23207 - lunch bag alphabet design,20725 - lunch bag red retrospot,0.013942931258106356,0.3987635239567234,5.728820067775783
20713 - jumbo bag owls,85099B - jumbo bag red retrospot,0.010916558581928231,0.4914841849148418,5.684014598540146
23199 - jumbo bag apples,85099B - jumbo bag red retrospot,0.018968871595330738,0.4888579387186629,5.653642061281337
23203 - jumbo bag vintage doily,85099B - jumbo bag red retrospot,0.01572632944228275,0.46859903381642515,5.419347826086957
23298 - spotty bunting,47566 - party bunting,0.021022481625594468,0.3878364905284148,5.204152589367504
23202 - jumbo bag vintage leaf,85099B - jumbo bag red retrospot,0.01864461738002594,0.4468911917098446,5.168296632124353
22666 - recipe box pantry yellow design,22720 - set of 3 cake tins pantry design,0.01432122784262862,0.32004830917874394,5.167691023598148
23200 - jumbo bag pears,85099B - jumbo bag red retrospot,0.011078685689580632,0.43617021276595747,5.044308510638298
22355 - charlotte bag suki design,20725 - lunch bag red retrospot,0.0103220925205361,0.3264957264957265,4.690587673196369
20724 - red retrospot charlotte bag,20725 - lunch bag red retrospot,0.01297016861219196,0.32476319350473615,4.66569730792829
23201 - jumbo bag alphabet,85099B - jumbo bag red retrospot,0.01599654128837008,0.3936170212765957,4.552180851063829
21931 - jumbo storage bag suki,20725 - lunch bag red retrospot,0.012862083873757025,0.3074935400516796,4.417593528816987
20724 - red retrospot charlotte bag,85099B - jumbo bag red retrospot,0.014915693904020753,0.3734776725304466,4.3192692828146155
"22384 - lunch bag pink polkadot, 20725 - lunch bag red retrospot",85099B - jumbo bag red retrospot,0.010105923043666235,0.3575525812619503,4.135095602294455
20725 - lunch bag red retrospot,85099B - jumbo bag red retrospot,0.02296800691742326,0.3299689440993789,3.8160908385093166
23245 - set of 3 regency cake tins,22423 - regency cakestand 3 tier,0.013510592304366624,0.34818941504178275,3.7832630275591
22470 - heart of wicker large,85123A - white hanging heart t-light holder,0.015672287073065283,0.3620474406991261,3.3989476624538963
82482 - wooden picture frame white finish,85123A - white hanging heart t-light holder,0.01664504971897968,0.35159817351598177,3.3008486061591715
82494L - wooden frame antique white,85123A - white hanging heart t-light holder,0.013780804150453956,0.31442663378545005,2.951877438643312
21754 - home building block word,85123A - white hanging heart t-light holder,0.011294855166450497,0.3024602026049204,2.8395350527658283
